/*
SQLyog Ultimate v11.11 (32 bit)
MySQL - 5.6.24 : Database - db_hani
*********************************************************************
*/

/*!40101 SET NAMES utf8 */;

/*!40101 SET SQL_MODE=''*/;

/*!40014 SET @OLD_UNIQUE_CHECKS=@@UNIQUE_CHECKS, UNIQUE_CHECKS=0 */;
/*!40014 SET @OLD_FOREIGN_KEY_CHECKS=@@FOREIGN_KEY_CHECKS, FOREIGN_KEY_CHECKS=0 */;
/*!40101 SET @OLD_SQL_MODE=@@SQL_MODE, SQL_MODE='NO_AUTO_VALUE_ON_ZERO' */;
/*!40111 SET @OLD_SQL_NOTES=@@SQL_NOTES, SQL_NOTES=0 */;
CREATE DATABASE /*!32312 IF NOT EXISTS*/`db_hani` /*!40100 DEFAULT CHARACTER SET latin1 */;

USE `db_hani`;

/*Table structure for table `tbl_beta` */

DROP TABLE IF EXISTS `tbl_beta`;

CREATE TABLE `tbl_beta` (
  `id_beta` int(11) NOT NULL AUTO_INCREMENT,
  `kode_emiten` varchar(10) DEFAULT NULL,
  `id_user` int(11) DEFAULT NULL,
  `bulan` varchar(30) DEFAULT NULL,
  `tahun` int(11) DEFAULT NULL,
  `xy` double DEFAULT NULL,
  `x2` double DEFAULT NULL,
  PRIMARY KEY (`id_beta`)
) ENGINE=InnoDB AUTO_INCREMENT=123 DEFAULT CHARSET=latin1;

/*Data for the table `tbl_beta` */

insert  into `tbl_beta`(`id_beta`,`kode_emiten`,`id_user`,`bulan`,`tahun`,`xy`,`x2`) values (1,'ADHI',1,'Desember',2010,0,0),(2,'ADHI',1,'Januari',2011,0.010500881997155,0.0063166354521016),(3,'ADHI',1,'Februari',2011,0.00091069386236772,0.00032205985318976),(4,'ADHI',1,'Maret',2011,0.00076743269629653,0.003603635826776),(5,'ADHI',1,'April',2011,-0.00091351289324149,0.0014679476891025),(6,'ADHI',1,'Mei',2011,-0.00022188308377688,0.000020630465693857),(7,'ADHI',1,'Juni',2011,0.00034535790592348,0.00018086600284714),(8,'ADHI',1,'Juli',2011,-0.007064165466875,0.0038804297445583),(9,'ADHI',1,'Agustus',2011,0.012786849264917,0.0048970518621896),(10,'ADHI',1,'September',2011,0.0091365281258195,0.0058048175387183),(11,'ADHI',1,'Oktober',2011,0.0026750650473045,0.0046424436787808),(12,'ADHI',1,'November',2011,0.0026649101550831,0.00039947322007494),(13,'ADHI',1,'Desember',2011,0.0075265135609462,0.00082816441857658),(14,'ADHI',1,'Januari',2012,0.0059200564879742,0.00098088029448948),(15,'ADHI',1,'Februari',2012,0.00032082574193287,0.00012188557317347),(16,'ADHI',1,'Maret',2012,0.004375921247884,0.0011704436969733),(17,'ADHI',1,'April',2012,0.0034046911581157,0.00020617843665248),(18,'ADHI',1,'Mei',2012,0.0016841536932038,0.0069250700904547),(19,'ADHI',1,'Juni',2012,0.00066154946669793,0.0010257144528916),(20,'ADHI',1,'Juli',2012,-0.0038221141104488,0.0022291949192116),(21,'ADHI',1,'Agustus',2012,0.00020515064535027,0.00039192268491925),(22,'ADHI',1,'September',2012,0.0076925936431758,0.0024806659523843),(23,'ADHI',1,'Oktober',2012,0.0073272090972919,0.00042359911545551),(24,'ADHI',1,'November',2012,-0.0058146265906702,0.00029052646053947),(25,'ADHI',1,'Desember',2012,-0.0006561673456922,0.00008990668772011),(26,'ADHI',1,'Januari',2013,0.0039543386701137,0.0010074916388498),(27,'ADHI',1,'Februari',2013,0.023148021086926,0.005899675125626),(28,'ADHI',1,'Maret',2013,0.0061660372735283,0.00091663229015224),(29,'ADHI',1,'April',2013,-0.00075930488952961,0.00035492137838079),(30,'ADHI',1,'Mei',2013,0.0021349956901809,0.000047123050104217),(31,'ADHI',1,'Juni',2013,0.0072662204663914,0.0024275659197534),(32,'ADHI',1,'Juli',2013,0.0032518377024675,0.0018723721578695),(33,'ADHI',1,'Agustus',2013,0.032074107243709,0.0081138296265233),(34,'ADHI',1,'September',2013,0.00065287592683915,0.00083312982314953),(35,'ADHI',1,'Oktober',2013,-0.0016521039099505,0.002029737792665),(36,'ADHI',1,'November',2013,0.010113189722122,0.0031758457949105),(37,'ADHI',1,'Desember',2013,-0.0002363322248216,0.000017372566244039),(38,'ADHI',1,'Januari',2014,0.0060470292597081,0.0011442250065799),(39,'ADHI',1,'Februari',2014,0.014341785311664,0.0020786104651148),(40,'ADHI',1,'Maret',2014,0.0089762032738051,0.0010269677297001),(41,'ADHI',1,'April',2014,-0.000047453193774561,0.00022717485045904),(42,'ADHI',1,'Mei',2014,0.00053937011051023,0.00012337691564966),(43,'ADHI',1,'Juni',2014,0.00034547177395105,0.0000098072227788942),(44,'ADHI',1,'Juli',2014,0.005032986704147,0.0018567816922104),(45,'ADHI',1,'Agustus',2014,-0.00012167932068164,0.000089197873179931),(46,'ADHI',1,'September',2014,-0.000013858208001819,0.000000019428088722429),(47,'ADHI',1,'Oktober',2014,0.000031881161605449,0.000087406617704334),(48,'ADHI',1,'November',2014,0.00010648983690299,0.00014056161809162),(49,'ADHI',1,'Desember',2014,0.0037677674408937,0.00022389849250608),(50,'ADHI',1,'Januari',2015,0.00073644609632553,0.00014277956249554),(51,'ADHI',1,'Februari',2015,-0.0020957453843833,0.00092521917472394),(52,'ADHI',1,'Maret',2015,-0.0014054945814815,0.00015740953498185),(53,'ADHI',1,'April',2015,0.0074336189124838,0.0061347993979463),(54,'ADHI',1,'Mei',2015,-0.0024068070360343,0.00065276072041517),(55,'ADHI',1,'Juni',2015,0.011335456667862,0.003434885520093),(56,'ADHI',1,'Juli',2015,-0.0030446685836581,0.00048484731526168),(57,'ADHI',1,'Agustus',2015,0.0080657439541832,0.0037201803066302),(58,'ADHI',1,'September',2015,-0.0080828927702334,0.004013655086576),(59,'ADHI',1,'Oktober',2015,0.0092067788158747,0.0029979004788902),(60,'ADHI',1,'November',2015,0.000026337055488209,0.0000038326720017975),(61,'ADHI',1,'Desember',2015,-0.00089887685475005,0.0010862836844516),(62,'WIKA',1,'Desember',2010,0,0),(63,'WIKA',1,'Januari',2011,0.0081814830323854,0.0063166354521016),(64,'WIKA',1,'Februari',2011,0.0014709857468331,0.00032205985318976),(65,'WIKA',1,'Maret',2011,0.00090954986227735,0.003603635826776),(66,'WIKA',1,'April',2011,0,0.0014679476891025),(67,'WIKA',1,'Mei',2011,0.00013558439535444,0.000020630465693857),(68,'WIKA',1,'Juni',2011,-0.00058472361565561,0.00018086600284714),(69,'WIKA',1,'Juli',2011,0.0018876695600189,0.0038804297445583),(70,'WIKA',1,'Agustus',2011,0.010291020397701,0.0048970518621896),(71,'WIKA',1,'September',2011,0.011822485839021,0.0058048175387183),(72,'WIKA',1,'Oktober',2011,0.0041715600197462,0.0046424436787808),(73,'WIKA',1,'November',2011,0.0019218102079927,0.00039947322007494),(74,'WIKA',1,'Desember',2011,0.0085721243309901,0.00082816441857658),(75,'WIKA',1,'Januari',2012,0.0051342636913156,0.00098088029448948),(76,'WIKA',1,'Februari',2012,0.00031099098430941,0.00012188557317347),(77,'WIKA',1,'Maret',2012,0.0084357734641645,0.0011704436969733),(78,'WIKA',1,'April',2012,0.0011045319141713,0.00020617843665248),(79,'WIKA',1,'Mei',2012,0.0050949187357425,0.0069250700904547),(80,'WIKA',1,'Juni',2012,0.0045255228543486,0.0010257144528916),(81,'WIKA',1,'Juli',2012,-0.0022483024179111,0.0022291949192116),(82,'WIKA',1,'Agustus',2012,-0.00098985186381505,0.00039192268491925),(83,'WIKA',1,'September',2012,0.0075895290310074,0.0024806659523843),(84,'WIKA',1,'Oktober',2012,0.0027215237874661,0.00042359911545551),(85,'WIKA',1,'November',2012,-0.0032347865404229,0.00029052646053947),(86,'WIKA',1,'Desember',2012,-0.00087256874688301,0.00008990668772011),(87,'WIKA',1,'Januari',2013,0.0036459266850535,0.0010074916388498),(88,'WIKA',1,'Februari',2013,0.0055861340143655,0.005899675125626),(89,'WIKA',1,'Maret',2013,0.0043617873647917,0.00091663229015224),(90,'WIKA',1,'April',2013,0.0034887698453231,0.00035492137838079),(91,'WIKA',1,'Mei',2013,0.0012156103380345,0.000047123050104217),(92,'WIKA',1,'Juni',2013,0.013516640599556,0.0024275659197534),(93,'WIKA',1,'Juli',2013,-0.00052769409564319,0.0018723721578695),(94,'WIKA',1,'Agustus',2013,0.014542519274572,0.0081138296265233),(95,'WIKA',1,'September',2013,0.002985929828738,0.00083312982314953),(96,'WIKA',1,'Oktober',2013,0,0.002029737792665),(97,'WIKA',1,'November',2013,0.0079248716809245,0.0031758457949105),(98,'WIKA',1,'Desember',2013,-0.00017682598419158,0.000017372566244039),(99,'WIKA',1,'Januari',2014,0.0079213710083022,0.0011442250065799),(100,'WIKA',1,'Februari',2014,0.0045591780674973,0.0020786104651148),(101,'WIKA',1,'Maret',2014,0.0036603042520946,0.0010269677297001),(102,'WIKA',1,'April',2014,-0.00078830129041031,0.00022717485045904),(103,'WIKA',1,'Mei',2014,0.00039231845221125,0.00012337691564966),(104,'WIKA',1,'Juni',2014,0.00017360951572196,0.0000098072227788942),(105,'WIKA',1,'Juli',2014,0.0084624467532413,0.0018567816922104),(106,'WIKA',1,'Agustus',2014,0.00078406859046997,0.000089197873179931),(107,'WIKA',1,'September',2014,-0.000012870013908836,0.000000019428088722429),(108,'WIKA',1,'Oktober',2014,-0.00091517597443512,0.000087406617704334),(109,'WIKA',1,'November',2014,0.00060108424256549,0.00014056161809162),(110,'WIKA',1,'Desember',2014,0.0033611266801801,0.00022389849250608),(111,'WIKA',1,'Januari',2015,0.00021105641716317,0.00014277956249554),(112,'WIKA',1,'Februari',2015,-0.00069038193060319,0.00092521917472394),(113,'WIKA',1,'Maret',2015,-0.0005656116899382,0.00015740953498185),(114,'WIKA',1,'April',2015,0.011429393340999,0.0061347993979463),(115,'WIKA',1,'Mei',2015,0.0013266744620738,0.00065276072041517),(116,'WIKA',1,'Juni',2015,0.011852233825528,0.003434885520093),(117,'WIKA',1,'Juli',2015,-0.001318517888878,0.00048484731526168),(118,'WIKA',1,'Agustus',2015,-0.0025270285843695,0.0037201803066302),(119,'WIKA',1,'September',2015,0.0040097097573854,0.004013655086576),(120,'WIKA',1,'Oktober',2015,0.0073990657402988,0.0029979004788902),(121,'WIKA',1,'November',2015,0.000083236442373452,0.0000038326720017975),(122,'WIKA',1,'Desember',2015,-0.0020489496097026,0.0010862836844516);

/*Table structure for table `tbl_cost` */

DROP TABLE IF EXISTS `tbl_cost`;

CREATE TABLE `tbl_cost` (
  `id_cost` int(11) NOT NULL AUTO_INCREMENT,
  `kode_emiten` varchar(10) DEFAULT NULL,
  `id_user` int(11) DEFAULT NULL,
  `tahun` int(11) DEFAULT NULL,
  `nilai_cost` double DEFAULT NULL,
  PRIMARY KEY (`id_cost`)
) ENGINE=InnoDB AUTO_INCREMENT=12 DEFAULT CHARSET=latin1;

/*Data for the table `tbl_cost` */

insert  into `tbl_cost`(`id_cost`,`kode_emiten`,`id_user`,`tahun`,`nilai_cost`) values (1,'ADHI',1,2011,0.19745405788664),(2,'ADHI',1,2012,0.051813892730787),(3,'ADHI',1,2013,0.037834750644441),(4,'ADHI',1,2014,0.015125906178729),(5,'ADHI',1,2015,0.026842769468444),(6,'WIKA',1,2011,0.0099818543727297),(7,'WIKA',1,2012,0.014124970317159),(8,'WIKA',1,2013,0.018999927048498),(9,'WIKA',1,2014,0.050492281014566),(10,'WIKA',1,2015,0.077435109973558);

/*Table structure for table `tbl_emiten` */

DROP TABLE IF EXISTS `tbl_emiten`;

CREATE TABLE `tbl_emiten` (
  `kode_emiten` varchar(50) NOT NULL,
  `nama_emiten` varchar(100) DEFAULT NULL,
  `tgl_ipo` date DEFAULT NULL,
  PRIMARY KEY (`kode_emiten`)
) ENGINE=InnoDB DEFAULT CHARSET=latin1;

/*Data for the table `tbl_emiten` */

insert  into `tbl_emiten`(`kode_emiten`,`nama_emiten`,`tgl_ipo`) values ('ADHI','Adhi Karya (Persero) Tbk','2004-03-18'),('WIKA','Wijaya Karya Tbk','2007-10-29');

/*Table structure for table `tbl_eva` */

DROP TABLE IF EXISTS `tbl_eva`;

CREATE TABLE `tbl_eva` (
  `id_eva` int(11) NOT NULL AUTO_INCREMENT,
  `kode_emiten` varchar(10) DEFAULT NULL,
  `id_user` int(11) DEFAULT NULL,
  `tahun` int(11) DEFAULT NULL,
  `nilai_eva` double DEFAULT NULL,
  PRIMARY KEY (`id_eva`)
) ENGINE=InnoDB AUTO_INCREMENT=11 DEFAULT CHARSET=latin1;

/*Data for the table `tbl_eva` */

insert  into `tbl_eva`(`id_eva`,`kode_emiten`,`id_user`,`tahun`,`nilai_eva`) values (1,'ADHI',1,2011,1),(2,'ADHI',1,2012,2),(3,'ADHI',1,2013,3),(4,'ADHI',1,2014,4),(5,'ADHI',1,2015,5),(6,'WIKA',1,2011,6),(7,'WIKA',1,2012,7),(8,'WIKA',1,2013,8),(9,'WIKA',1,2014,7),(10,'WIKA',1,2015,9);

/*Table structure for table `tbl_ihs` */

DROP TABLE IF EXISTS `tbl_ihs`;

CREATE TABLE `tbl_ihs` (
  `id_ihs` int(11) NOT NULL AUTO_INCREMENT,
  `id_user` int(11) DEFAULT NULL,
  `bulan` varchar(50) DEFAULT NULL,
  `tahun` int(11) DEFAULT NULL,
  `nilai_cp` double DEFAULT NULL,
  `nilai_rm` double DEFAULT NULL,
  PRIMARY KEY (`id_ihs`)
) ENGINE=InnoDB AUTO_INCREMENT=64 DEFAULT CHARSET=latin1;

/*Data for the table `tbl_ihs` */

insert  into `tbl_ihs`(`id_ihs`,`id_user`,`bulan`,`tahun`,`nilai_cp`,`nilai_rm`) values (1,1,'Desember',2010,3703.512,0),(2,1,'Januari',2011,3409.167,-0.079477263743171),(4,1,'Februari',2011,3470.348,0.017946026111364),(5,1,'Maret',2011,3678.674,0.060030290910306),(6,1,'April',2011,3819.618,0.038313805463599),(7,1,'Mei',2011,3836.967,0.0045420772443737),(8,1,'Juni',2011,3888.569,0.013448643160079),(9,1,'Juli',2011,4130.8,0.062293095480625),(10,1,'Agustus',2011,3841.731,-0.069978938704367),(11,1,'September',2011,3549.032,-0.076189353184801),(12,1,'Oktober',2011,3790.847,0.068135480322522),(13,1,'November',2011,3715.08,-0.019986826163124),(14,1,'Desember',2011,3821.992,0.028777845968324),(15,1,'Januari',2012,3941.693,0.031319008517025),(16,1,'Februari',2012,3985.21,0.011040179942984),(17,1,'Maret',2012,4121.551,0.034211747938001),(18,1,'April',2012,4180.732,0.014358914884227),(19,1,'Mei',2012,3832.824,-0.083217006017128),(20,1,'Juni',2012,3955.577,0.032026777123082),(21,1,'Juli',2012,4142.337,0.047214350776132),(22,1,'Agustus',2012,4060.331,-0.019797037276301),(23,1,'September',2012,4262.561,0.049806284265987),(24,1,'Oktober',2012,4350.291,0.020581523642712),(25,1,'November',2012,4276.141,-0.01704483677069),(26,1,'Desember',2012,4316.687,0.0094819137161287),(27,1,'Januari',2013,4453.703,0.031741008787526),(28,1,'Februari',2013,4795.789,0.076809342697526),(29,1,'Maret',2013,4940.986,0.030275935826201),(30,1,'April',2013,5034.071,0.018839357164744),(31,1,'Mei',2013,5068.628,0.0068646230853716),(32,1,'Juni',2013,4818.895,-0.049270335088706),(33,1,'Juli',2013,4610.377,-0.04327091584274),(34,1,'Agustus',2013,4195.089,-0.09007679849175),(35,1,'September',2013,4316.176,0.028863988344467),(36,1,'Oktober',2013,4510.631,0.045052611385634),(37,1,'November',2013,4256.436,-0.056354643064352),(38,1,'Desember',2013,4274.177,0.0041680410559445),(39,1,'Januari',2014,4418.757,0.033826395116534),(40,1,'Februari',2014,4620.216,0.045591780674973),(41,1,'Maret',2014,4768.277,0.032046337227523),(42,1,'April',2014,4840.146,0.015072320672645),(43,1,'Mei',2014,4893.908,0.011107516178231),(44,1,'Juni',2014,4878.582,-0.0031316485720614),(45,1,'Juli',2014,5088.802,0.043090389789492),(46,1,'Agustus',2014,5136.863,0.0094444625670247),(47,1,'September',2014,5137.579,0.00013938467893721),(48,1,'Oktober',2014,5089.547,-0.009349150640798),(49,1,'November',2014,5149.888,0.011855868508533),(50,1,'Desember',2014,5226.947,0.014963238035468),(51,1,'Januari',2015,5289.404,0.011949040233238),(52,1,'Februari',2015,5450.294,0.030417415648341),(53,1,'Maret',2015,5518.675,0.01254629566772),(54,1,'April',2015,5086.425,-0.07832496024861),(55,1,'Mei',2015,5216.379,0.025549182382518),(56,1,'Juni',2015,4910.658,-0.058607896397098),(57,1,'Juli',2015,4802.529,-0.022019248744262),(58,1,'Agustus',2015,4509.607,-0.060993280831828),(59,1,'September',2015,4223.908,-0.063353414166689),(60,1,'Oktober',2015,4455.18,0.054753086478209),(61,1,'November',2015,4446.458,-0.0019577211246236),(62,1,'Desember',2015,4593.008,0.032958818007502);

/*Table structure for table `tbl_ku` */

DROP TABLE IF EXISTS `tbl_ku`;

CREATE TABLE `tbl_ku` (
  `id_ku` int(11) NOT NULL AUTO_INCREMENT,
  `kode_emiten` varchar(10) DEFAULT NULL,
  `id_user` int(11) DEFAULT NULL,
  `tahun` int(11) DEFAULT NULL,
  `nilai_ku` double DEFAULT NULL,
  PRIMARY KEY (`id_ku`)
) ENGINE=InnoDB AUTO_INCREMENT=11 DEFAULT CHARSET=latin1;

/*Data for the table `tbl_ku` */

insert  into `tbl_ku`(`id_ku`,`kode_emiten`,`id_user`,`tahun`,`nilai_ku`) values (1,'ADHI',1,2011,0.57837230612094),(2,'ADHI',1,2012,0.82317681193254),(3,'ADHI',1,2013,0.9005330736637),(4,'ADHI',1,2014,0.90798391145216),(5,'ADHI',1,2015,0.85983968547257),(6,'WIKA',1,2011,0.61831393968179),(7,'WIKA',1,2012,0.72424458118201),(8,'WIKA',1,2013,0.77120010851403),(9,'WIKA',1,2014,0.80610101338802),(10,'WIKA',1,2015,0.85294940562309);

/*Table structure for table `tbl_lk` */

DROP TABLE IF EXISTS `tbl_lk`;

CREATE TABLE `tbl_lk` (
  `id_lk` int(11) NOT NULL AUTO_INCREMENT,
  `kode_emiten` varchar(10) DEFAULT NULL,
  `id_user` int(11) DEFAULT NULL,
  `tahun` int(11) DEFAULT NULL,
  `bunga` double DEFAULT NULL,
  `utang` double DEFAULT NULL,
  `modal` double DEFAULT NULL,
  `laba` double DEFAULT NULL,
  `pajak` double DEFAULT NULL,
  `hasil_bunga` double DEFAULT NULL,
  `hasil_utang` double DEFAULT NULL,
  `hasil_modal` double DEFAULT NULL,
  `hasil_laba` double DEFAULT NULL,
  `hasil_pajak` double DEFAULT NULL,
  PRIMARY KEY (`id_lk`)
) ENGINE=InnoDB AUTO_INCREMENT=13 DEFAULT CHARSET=latin1;

/*Data for the table `tbl_lk` */

insert  into `tbl_lk`(`id_lk`,`kode_emiten`,`id_user`,`tahun`,`bunga`,`utang`,`modal`,`laba`,`pajak`,`hasil_bunga`,`hasil_utang`,`hasil_modal`,`hasil_laba`,`hasil_pajak`) values (1,'ADHI',1,2011,87164000000,247098000816,180132000000,326379673475,143686951437,87164000,247098000.816,180132000,326379673.475,143686951.437),(2,'ADHI',1,2012,86224000000,838580545389,180132000000,423315053973,209997521506,86224000,838580545.389,180132000,423315053.973,209997521.506),(3,'ADHI',1,2013,107918678613,1630841824515,180132000000,714364642683,305926729229,107918678.613,1630841824.515,180132000,714364642.683,305926729.229),(4,'ADHI',1,2014,48603000369,1777482182941,180132000000,599556590359,267896083942,48603000.369,1777482182.941,180132000,599556590.359,267896083.942),(5,'ADHI',1,2015,94078068413,2184469703709,356084937600,746091097180,281065549175,94078068.413,2184469703.709,356084937.6,746091097.18,281065549.175),(6,'WIKA',1,2011,15696000000,976395000000,602730000000,629606985000,238660490000,15696000,976395000,602730000,629606985,238660490),(7,'WIKA',1,2012,36228000000,1603576000000,610560000000,807915794000,302790832000,36228000,1603576000,610560000,807915794,302790832),(8,'WIKA',1,2013,64028000000,2069534000000,613990000000,1016690189000,392318510000,64028000,2069534000,613990000,1016690189,392318510),(9,'WIKA',1,2014,197704000000,2556422000000,614920000000,1139189000000,395420359000,197704000,2556422000,614920000,1139189000,395420359),(10,'WIKA',1,2015,431409000000,3566770000000,614920000000,1098082000000,395076705000,431409000,3566770000,614920000,1098082000,395076705);

/*Table structure for table `tbl_om` */

DROP TABLE IF EXISTS `tbl_om`;

CREATE TABLE `tbl_om` (
  `id_om` int(11) NOT NULL AUTO_INCREMENT,
  `kode_emiten` varchar(10) DEFAULT NULL,
  `id_user` int(11) DEFAULT NULL,
  `tahun` int(11) DEFAULT NULL,
  `nilai_om` double DEFAULT NULL,
  PRIMARY KEY (`id_om`)
) ENGINE=InnoDB AUTO_INCREMENT=11 DEFAULT CHARSET=latin1;

/*Data for the table `tbl_om` */

insert  into `tbl_om`(`id_om`,`kode_emiten`,`id_user`,`tahun`,`nilai_om`) values (1,'ADHI',1,2011,0.68825876844367),(2,'ADHI',1,2012,0.073133042335489),(3,'ADHI',1,2013,0.98904210895863),(4,'ADHI',1,2014,0.071365928924735),(5,'ADHI',1,2015,-0.047052715630531),(6,'WIKA',1,2011,0.7826201422439),(7,'WIKA',1,2012,0.039076442129652),(8,'WIKA',1,2013,0.66839316242966),(9,'WIKA',1,2014,0.083771148864434),(10,'WIKA',1,2015,-0.12926531673505);

/*Table structure for table `tbl_rf` */

DROP TABLE IF EXISTS `tbl_rf`;

CREATE TABLE `tbl_rf` (
  `id_rf` int(11) NOT NULL AUTO_INCREMENT,
  `id_user` int(11) DEFAULT NULL,
  `tahun` int(11) DEFAULT NULL,
  `total_rf` double DEFAULT NULL,
  PRIMARY KEY (`id_rf`)
) ENGINE=InnoDB AUTO_INCREMENT=6 DEFAULT CHARSET=latin1;

/*Data for the table `tbl_rf` */

insert  into `tbl_rf`(`id_rf`,`id_user`,`tahun`,`total_rf`) values (1,1,2011,0.065166666666667),(2,1,2012,0.044175),(3,1,2013,0.057925),(4,1,2014,0.070425),(5,1,2015,0.0684);

/*Table structure for table `tbl_ri` */

DROP TABLE IF EXISTS `tbl_ri`;

CREATE TABLE `tbl_ri` (
  `id_ri` int(11) NOT NULL AUTO_INCREMENT,
  `kode_emiten` varchar(10) DEFAULT NULL,
  `id_user` int(11) DEFAULT NULL,
  `bulan` varchar(30) DEFAULT NULL,
  `tahun` int(11) DEFAULT NULL,
  `nilai_pi` double DEFAULT NULL,
  `nilai_ri` double DEFAULT NULL,
  PRIMARY KEY (`id_ri`)
) ENGINE=InnoDB AUTO_INCREMENT=124 DEFAULT CHARSET=latin1;

/*Data for the table `tbl_ri` */

insert  into `tbl_ri`(`id_ri`,`kode_emiten`,`id_user`,`bulan`,`tahun`,`nilai_pi`,`nilai_ri`) values (1,'ADHI',1,'Desember',2010,772,0),(2,'ADHI',1,'Januari',2011,670,-0.13212435233161),(3,'ADHI',1,'Februari',2011,704,0.050746268656716),(4,'ADHI',1,'Maret',2011,713,0.012784090909091),(5,'ADHI',1,'April',2011,696,-0.023842917251052),(6,'ADHI',1,'Mei',2011,662,-0.048850574712644),(7,'ADHI',1,'Juni',2011,679,0.025679758308157),(8,'ADHI',1,'Juli',2011,602,-0.11340206185567),(9,'ADHI',1,'Agustus',2011,492,-0.18272425249169),(10,'ADHI',1,'September',2011,433,-0.11991869918699),(11,'ADHI',1,'Oktober',2011,450,0.039260969976905),(12,'ADHI',1,'November',2011,390,-0.13333333333333),(13,'ADHI',1,'Desember',2011,492,0.26153846153846),(14,'ADHI',1,'Januari',2012,585,0.1890243902439),(15,'ADHI',1,'Februari',2012,602,0.029059829059829),(16,'ADHI',1,'Maret',2012,679,0.12790697674419),(17,'ADHI',1,'April',2012,840,0.23711340206186),(18,'ADHI',1,'Mei',2012,823,-0.020238095238095),(19,'ADHI',1,'Juni',2012,840,0.020656136087485),(20,'ADHI',1,'Juli',2012,772,-0.080952380952381),(21,'ADHI',1,'Agustus',2012,764,-0.010362694300518),(22,'ADHI',1,'September',2012,882,0.1544502617801),(23,'ADHI',1,'Oktober',2012,1196,0.35600907029478),(24,'ADHI',1,'November',2012,1604,0.34113712374582),(25,'ADHI',1,'Desember',2012,1493,-0.069201995012469),(26,'ADHI',1,'Januari',2013,1679,0.12458137977227),(27,'ADHI',1,'Februari',2013,2185,0.3013698630137),(28,'ADHI',1,'Maret',2013,2630,0.20366132723112),(29,'ADHI',1,'April',2013,2524,-0.040304182509506),(30,'ADHI',1,'Mei',2013,3309,0.31101426307448),(31,'ADHI',1,'Juni',2013,2821,-0.1474765790269),(32,'ADHI',1,'Juli',2013,2609,-0.075150655795817),(33,'ADHI',1,'Agustus',2013,1680,-0.3560751245688),(34,'ADHI',1,'September',2013,1718,0.022619047619048),(35,'ADHI',1,'Oktober',2013,1655,-0.036670547147846),(36,'ADHI',1,'November',2013,1358,-0.17945619335347),(37,'ADHI',1,'Desember',2013,1281,-0.056701030927835),(38,'ADHI',1,'Januari',2014,1510,0.17876658860265),(39,'ADHI',1,'Februari',2014,1985,0.31456953642384),(40,'ADHI',1,'Maret',2014,2541,0.28010075566751),(41,'ADHI',1,'April',2014,2533,-0.0031483667847304),(42,'ADHI',1,'Mei',2014,2656,0.048559020923806),(43,'ADHI',1,'Juni',2014,2363,-0.11031626506024),(44,'ADHI',1,'Juli',2014,2639,0.11680067710537),(45,'ADHI',1,'Agustus',2014,2605,-0.012883668056082),(46,'ADHI',1,'September',2014,2346,-0.099424184261036),(47,'ADHI',1,'Oktober',2014,2338,-0.0034100596760443),(48,'ADHI',1,'November',2014,2359,0.0089820359281437),(49,'ADHI',1,'Desember',2014,2953,0.25180161085206),(50,'ADHI',1,'Januari',2015,3135,0.061632238401625),(51,'ADHI',1,'Februari',2015,2919,-0.0688995215311),(52,'ADHI',1,'Maret',2015,2592,-0.1120246659815),(53,'ADHI',1,'April',2015,2346,-0.094907407407407),(54,'ADHI',1,'Mei',2015,2125,-0.094202898550725),(55,'ADHI',1,'Juni',2015,1714,-0.19341176470588),(56,'ADHI',1,'Juli',2015,1951,0.13827304550758),(57,'ADHI',1,'Agustus',2015,1693,-0.13223987698616),(58,'ADHI',1,'September',2015,1909,0.12758417011223),(59,'ADHI',1,'Oktober',2015,2230,0.16815086432687),(60,'ADHI',1,'November',2015,2200,-0.013452914798206),(61,'ADHI',1,'Desember',2015,2140,-0.027272727272727),(62,'WIKA',1,'Desember',2010,680,0),(63,'WIKA',1,'Januari',2011,610,-0.10294117647059),(64,'WIKA',1,'Februari',2011,660,0.081967213114754),(65,'WIKA',1,'Maret',2011,670,0.015151515151515),(66,'WIKA',1,'April',2011,670,0),(67,'WIKA',1,'Mei',2011,690,0.029850746268657),(68,'WIKA',1,'Juni',2011,660,-0.043478260869565),(69,'WIKA',1,'Juli',2011,680,0.03030303030303),(70,'WIKA',1,'Agustus',2011,580,-0.14705882352941),(71,'WIKA',1,'September',2011,490,-0.1551724137931),(72,'WIKA',1,'Oktober',2011,520,0.061224489795918),(73,'WIKA',1,'November',2011,470,-0.096153846153846),(74,'WIKA',1,'Desember',2011,610,0.29787234042553),(75,'WIKA',1,'Januari',2012,710,0.16393442622951),(76,'WIKA',1,'Februari',2012,730,0.028169014084507),(77,'WIKA',1,'Maret',2012,910,0.24657534246575),(78,'WIKA',1,'April',2012,980,0.076923076923077),(79,'WIKA',1,'Mei',2012,920,-0.061224489795918),(80,'WIKA',1,'Juni',2012,1050,0.14130434782609),(81,'WIKA',1,'Juli',2012,1000,-0.047619047619048),(82,'WIKA',1,'Agustus',2012,1050,0.05),(83,'WIKA',1,'September',2012,1210,0.15238095238095),(84,'WIKA',1,'Oktober',2012,1370,0.13223140495868),(85,'WIKA',1,'November',2012,1630,0.18978102189781),(86,'WIKA',1,'Desember',2012,1480,-0.092024539877301),(87,'WIKA',1,'Januari',2013,1650,0.11486486486486),(88,'WIKA',1,'Februari',2013,1770,0.072727272727273),(89,'WIKA',1,'Maret',2013,2025,0.14406779661017),(90,'WIKA',1,'April',2013,2400,0.18518518518519),(91,'WIKA',1,'Mei',2013,2825,0.17708333333333),(92,'WIKA',1,'Juni',2013,2050,-0.27433628318584),(93,'WIKA',1,'Juli',2013,2075,0.01219512195122),(94,'WIKA',1,'Agustus',2013,1740,-0.16144578313253),(95,'WIKA',1,'September',2013,1920,0.10344827586207),(96,'WIKA',1,'Oktober',2013,1920,0),(97,'WIKA',1,'November',2013,1650,-0.140625),(98,'WIKA',1,'Desember',2013,1580,-0.042424242424242),(99,'WIKA',1,'Januari',2014,1950,0.23417721518987),(100,'WIKA',1,'Februari',2014,2145,0.1),(101,'WIKA',1,'Maret',2014,2390,0.11421911421911),(102,'WIKA',1,'April',2014,2265,-0.052301255230126),(103,'WIKA',1,'Mei',2014,2345,0.035320088300221),(104,'WIKA',1,'Juni',2014,2215,-0.05543710021322),(105,'WIKA',1,'Juli',2014,2650,0.19638826185102),(106,'WIKA',1,'Agustus',2014,2870,0.083018867924528),(107,'WIKA',1,'September',2014,2605,-0.092334494773519),(108,'WIKA',1,'Oktober',2014,2860,0.0978886756238),(109,'WIKA',1,'November',2014,3005,0.050699300699301),(110,'WIKA',1,'Desember',2014,3680,0.22462562396007),(111,'WIKA',1,'Januari',2015,3745,0.017663043478261),(112,'WIKA',1,'Februari',2015,3660,-0.022696929238985),(113,'WIKA',1,'Maret',2015,3495,-0.045081967213115),(114,'WIKA',1,'April',2015,2985,-0.14592274678112),(115,'WIKA',1,'Mei',2015,3140,0.051926298157454),(116,'WIKA',1,'Juni',2015,2505,-0.20222929936306),(117,'WIKA',1,'Juli',2015,2655,0.059880239520958),(118,'WIKA',1,'Agustus',2015,2765,0.041431261770245),(119,'WIKA',1,'September',2015,2590,-0.063291139240506),(120,'WIKA',1,'Oktober',2015,2940,0.13513513513514),(121,'WIKA',1,'November',2015,2815,-0.042517006802721),(122,'WIKA',1,'Desember',2015,2640,-0.062166962699822);

/*Table structure for table `tbl_rm` */

DROP TABLE IF EXISTS `tbl_rm`;

CREATE TABLE `tbl_rm` (
  `id_rm` int(11) NOT NULL AUTO_INCREMENT,
  `id_user` int(11) DEFAULT NULL,
  `tahun` int(11) DEFAULT NULL,
  `rata_rm` double DEFAULT NULL,
  PRIMARY KEY (`id_rm`)
) ENGINE=InnoDB AUTO_INCREMENT=7 DEFAULT CHARSET=latin1;

/*Data for the table `tbl_rm` */

insert  into `tbl_rm`(`id_rm`,`id_user`,`tahun`,`rata_rm`) values (1,1,2011,0.0039879069054775),(2,1,2012,0.01083181839518),(3,1,2013,0.00030351798832218),(4,1,2014,0.017054741186375),(5,1,2015,-0.0097568902579652),(6,1,2010,0);

/*Table structure for table `tbl_saham` */

DROP TABLE IF EXISTS `tbl_saham`;

CREATE TABLE `tbl_saham` (
  `id_saham` int(11) NOT NULL AUTO_INCREMENT,
  `kode_emiten` varchar(10) DEFAULT NULL,
  `id_user` int(11) DEFAULT NULL,
  `tahun` int(11) DEFAULT NULL,
  `nilai_saham` double DEFAULT NULL,
  PRIMARY KEY (`id_saham`)
) ENGINE=InnoDB AUTO_INCREMENT=11 DEFAULT CHARSET=latin1;

/*Data for the table `tbl_saham` */

insert  into `tbl_saham`(`id_saham`,`kode_emiten`,`id_user`,`tahun`,`nilai_saham`) values (1,'ADHI',1,2011,0.42162769387906),(2,'ADHI',1,2012,0.17682318806746),(3,'ADHI',1,2013,0.099466926336299),(4,'ADHI',1,2014,0.092016088547837),(5,'ADHI',1,2015,0.14016031452743),(6,'WIKA',1,2011,0.38168606031821),(7,'WIKA',1,2012,0.27575541881799),(8,'WIKA',1,2013,0.22879989148597),(9,'WIKA',1,2014,0.19389898661198),(10,'WIKA',1,2015,0.14705059437691);

/*Table structure for table `tbl_sbi` */

DROP TABLE IF EXISTS `tbl_sbi`;

CREATE TABLE `tbl_sbi` (
  `id_sbi` int(11) NOT NULL AUTO_INCREMENT,
  `id_user` int(11) DEFAULT NULL,
  `bulan` varchar(30) DEFAULT NULL,
  `tahun` int(11) DEFAULT NULL,
  `nilai` double DEFAULT NULL,
  PRIMARY KEY (`id_sbi`)
) ENGINE=InnoDB AUTO_INCREMENT=63 DEFAULT CHARSET=latin1;

/*Data for the table `tbl_sbi` */

insert  into `tbl_sbi`(`id_sbi`,`id_user`,`bulan`,`tahun`,`nilai`) values (1,1,'Januari',2011,6.51),(2,1,'Februari',2011,6.71),(3,1,'Maret',2011,6.71),(4,1,'April',2011,7.18),(5,1,'Mei ',2011,7.36),(6,1,'Juni',2011,7.36),(7,1,'Juli',2011,7.28),(8,1,'Agustus',2011,6.78),(9,1,'September',2011,6.28),(10,1,'Oktober',2011,5.77),(11,1,'November',2011,5.22),(12,1,'Desember',2011,5.04),(13,1,'Januari',2012,4.88),(14,1,'Februari',2012,3.82),(15,1,'Maret',2012,3.83),(16,1,'April',2012,3.93),(17,1,'Mei',2012,4.24),(18,1,'Juni ',2012,4.32),(19,1,'Juli',2012,4.46),(20,1,'Agustus',2012,4.54),(21,1,'September',2012,4.67),(22,1,'Oktober',2012,4.75),(23,1,'November',2012,4.77),(24,1,'Desember',2012,4.8),(25,1,'Januari',2013,4.84),(26,1,'Febuari',2013,4.86),(27,1,'Maret',2013,4.87),(28,1,'April',2013,4.89),(29,1,'Mei',2013,5.02),(30,1,'Juni',2013,5.28),(31,1,'Juli',2013,5.52),(32,1,'Agustus',2013,5.86),(33,1,'September',2013,6.96),(34,1,'Oktober',2013,6.97),(35,1,'November',2013,7.22),(36,1,'Desember',2013,7.22),(37,1,'Januari',2014,7.23),(38,1,'Februari',2014,7.17),(39,1,'Maret',2014,7.13),(40,1,'April',2014,7.14),(41,1,'Mei',2014,7.15),(42,1,'Juni',2014,7.14),(43,1,'Juli',2014,7.09),(44,1,'Agustus',2014,6.97),(45,1,'September',2014,6.88),(46,1,'Oktober',2014,6.85),(47,1,'November',2014,6.86),(48,1,'Desember',2014,6.9),(49,1,'Januari',2015,6.93),(50,1,'Februari',2015,6.67),(51,1,'Maret',2015,6.65),(52,1,'April',2015,6.66),(53,1,'Mei',2015,6.66),(54,1,'Juni',2015,6.67),(55,1,'Juli',2015,6.69),(56,1,'Agustus',2015,6.75),(57,1,'September',2015,7.1),(58,1,'Oktober',2015,7.1),(59,1,'November',2015,7.1),(60,1,'Desember',2015,7.1);

/*Table structure for table `tbl_totalbeta` */

DROP TABLE IF EXISTS `tbl_totalbeta`;

CREATE TABLE `tbl_totalbeta` (
  `id_totalbeta` int(11) NOT NULL AUTO_INCREMENT,
  `kode_emiten` varchar(10) DEFAULT NULL,
  `id_user` int(11) DEFAULT NULL,
  `tahun` int(11) DEFAULT NULL,
  `total_beta` double DEFAULT NULL,
  PRIMARY KEY (`id_totalbeta`)
) ENGINE=InnoDB AUTO_INCREMENT=12 DEFAULT CHARSET=latin1;

/*Data for the table `tbl_totalbeta` */

insert  into `tbl_totalbeta`(`id_totalbeta`,`kode_emiten`,`id_user`,`tahun`,`total_beta`) values (1,'ADHI',1,2011,-10.184778249988),(2,'ADHI',1,2012,-0.86848467787797),(3,'ADHI',1,2013,-16.15920098636),(4,'ADHI',1,2014,-0.017630211013601),(5,'ADHI',1,2015,1.4771917773272),(6,'ADHI',1,2010,0),(7,'WIKA',1,2011,-11.727166068384),(8,'WIKA',1,2012,0.15291155867414),(9,'WIKA',1,2013,-10.594454379114),(10,'WIKA',1,2014,-0.25006715652327),(11,'WIKA',1,2015,2.5290836941264);

/*Table structure for table `tbl_user` */

DROP TABLE IF EXISTS `tbl_user`;

CREATE TABLE `tbl_user` (
  `id_user` int(11) NOT NULL AUTO_INCREMENT,
  `nama` varchar(100) DEFAULT NULL,
  `email` varchar(30) DEFAULT NULL,
  `password` varchar(70) DEFAULT NULL,
  `level` enum('admin','user','kepala') DEFAULT NULL,
  PRIMARY KEY (`id_user`)
) ENGINE=InnoDB AUTO_INCREMENT=3 DEFAULT CHARSET=latin1;

/*Data for the table `tbl_user` */

insert  into `tbl_user`(`id_user`,`nama`,`email`,`password`,`level`) values (1,'admin','admin@gmail.com','202cb962ac59075b964b07152d234b70','admin'),(2,'Hani','hani@gmail.com','202cb962ac59075b964b07152d234b70','user');

/*Table structure for table `tbl_wacc` */

DROP TABLE IF EXISTS `tbl_wacc`;

CREATE TABLE `tbl_wacc` (
  `id_wacc` int(11) NOT NULL AUTO_INCREMENT,
  `kode_emiten` varchar(10) DEFAULT NULL,
  `id_user` int(11) DEFAULT NULL,
  `tahun` int(11) DEFAULT NULL,
  `nilai_wacc` double DEFAULT NULL,
  PRIMARY KEY (`id_wacc`)
) ENGINE=InnoDB AUTO_INCREMENT=11 DEFAULT CHARSET=latin1;

/*Data for the table `tbl_wacc` */

insert  into `tbl_wacc`(`id_wacc`,`kode_emiten`,`id_user`,`tahun`,`nilai_wacc`) values (1,'ADHI',1,2011,0.40439091614378),(2,'ADHI',1,2012,0.055583612730778),(3,'ADHI',1,2013,0.13244842288442),(4,'ADHI',1,2014,0.020300893091658),(5,'ADHI',1,2015,0.016485555034815),(6,'WIKA',1,2011,0.30488711852128),(7,'WIKA',1,2012,0.021005473876938),(8,'WIKA',1,2013,0.16758102883543),(9,'WIKA',1,2014,0.056945019766249),(10,'WIKA',1,2015,0.047039689368096);

/*!40101 SET SQL_MODE=@OLD_SQL_MODE */;
/*!40014 SET FOREIGN_KEY_CHECKS=@OLD_FOREIGN_KEY_CHECKS */;
/*!40014 SET UNIQUE_CHECKS=@OLD_UNIQUE_CHECKS */;
/*!40111 SET SQL_NOTES=@OLD_SQL_NOTES */;
